GOSECSBJ,KISMODE,KISLEVEL,GOSECLQ_UK,GOSECMED_UK,GOSECUQ_UK,GOSECPOP_UK,GOSECLQ_E,GOSECMED_E,GOSECUQ_E,GOSECPOP_E,GOSECLQ_NI,GOSECMED_NI,GOSECUQ_NI,GOSECPOP_NI,GOSECLQ_S,GOSECMED_S,GOSECUQ_S,GOSECPOP_S,GOSECLQ_W,GOSECMED_W,GOSECUQ_W,GOSECPOP_W
CAH01,01,03,33000,37000,43000,8675,33000,37000,42000,7050,30000,38000,50000,260,35000,40000,49000,955,30000,36000,42000,385
CAH01,02,03,26000,34000,47000,10,NA,NA,NA,NA,NA,NA,NA,NA,NA,NA,NA,NA,NA,NA,NA,NA
CAH01,02,04,35000,38500,46000,90,35000,38500,46000,90,NA,NA,NA,NA,NA,NA,NA,NA,NA,NA,NA,NA
CAH01-01,01,03,33000,37000,43000,8675,33000,37000,42000,7050,30000,38000,50000,260,35000,40000,49000,955,30000,36000,42000,385
CAH01-01,02,03,26000,34000,47000,10,NA,NA,NA,NA,NA,NA,NA,NA,NA,NA,NA,NA,NA,NA,NA,NA
CAH01-01,02,04,35000,38500,46000,90,35000,38500,46000,90,NA,NA,NA,NA,NA,NA,NA,NA,NA,NA,NA,NA
CAH01-01-01,01,03,24000,28000,32000,105,24000,29000,34000,95,NA,NA,NA,NA,NA,NA,NA,NA,NA,NA,NA,NA
CAH01-01-02,01,03,33000,37000,42000,7870,33000,37000,42000,6400,30000,40000,50000,245,35000,40000,50000,865,30000,35500,40000,335
CAH01-01-03,01,03,28000,28500,30000,115,28000,28500,29500,105,NA,NA,NA,NA,30000,30000,30000,10,NA,NA,NA,NA
CAH01-01-03,02,04,35000,38500,46000,90,35000,38500,46000,90,NA,NA,NA,NA,NA,NA,NA,NA,NA,NA,NA,NA
CAH01-01-04,01,03,36500,40000,50000,585,37000,41000,50000,455,30000,31000,35000,15,35000,40000,45500,80,36500,40000,62500,40
CAH02,01,03,27000,28000,30000,36300,27000,28000,30000,29515,25000,27000,28500,1300,26500,30000,31000,3245,27000,28000,29000,2210
CAH02,01,04,25000,28000,34500,1045,24000,27000,30000,805,NA,NA,NA,NA,32000,38000,42000,195,25000,26000,27000,40
CAH02,02,03,28000,32000,40500,2845,28000,33000,42000,2275,25000,27000,32000,205,30000,33000,42000,210,28000,29000,32000,145
CAH02,02,04,28000,34500,40000,1095,29000,35000,42000,785,27500,37000,44000,55,30000,36500,38000,125,25000,28000,34000,125
CAH02-02,01,03,26000,35000,39000,2075,25500,35000,38000,1675,33000,35000,40500,85,26000,37000,42000,235,28500,35500,36000,85
CAH02-02,02,03,24000,26000,33000,30,23500,26000,33000,25,NA,NA,NA,NA,NA,NA,NA,NA,NA,NA,NA,NA
CAH02-02,02,04,42000,44000,45000,40,40000,44000,45000,40,NA,NA,NA,NA,NA,NA,NA,NA,NA,NA,NA,NA
CAH02-02-01,01,03,24000,27000,30000,500,24000,27000,31000,390,NA,NA,NA,NA,24000,26000,30000,85,23000,26500,30000,25
CAH02-02-03,01,03,30000,35500,40500,1565,28500,35500,40000,1275,34000,35000,42000,80,37000,38000,45000,150,35000,36000,36500,60
CAH02-02-03,02,03,24000,26000,40000,25,24000,26000,40000,25,NA,NA,NA,NA,NA,NA,NA,NA,NA,NA,NA,NA
CAH02-02-03,02,04,42000,44000,45000,35,40000,43500,45000,30,NA,NA,NA,NA,NA,NA,NA,NA,NA,NA,NA,NA
CAH02-04,01,03,27000,28000,30000,18595,27000,28000,30000,14700,25000,27000,28000,675,26500,30000,30000,1980,27000,28000,29000,1235
CAH02-04,01,04,25000,28000,32000,225,25000,28000,33000,190,NA,NA,NA,NA,28000,30000,30000,25,NA,NA,NA,NA
CAH02-04,02,03,28000,31000,39500,1810,28000,32000,40000,1325,26000,27000,32000,185,30000,35000,42000,165,28000,29000,32000,120
CAH02-04,02,04,31000,35500,41000,665,32500,35500,43000,450,33000,38000,42000,45,35000,37000,38000,90,24000,26000,33000,80
CAH02-04-01,01,03,27500,28000,30500,645,28000,28500,34000,420,NA,NA,NA,NA,NA,NA,NA,NA,27000,28000,29000,220
CAH02-04-01,01,04,25000,26000,30000,90,23000,26000,28500,65,NA,NA,NA,NA,28000,30000,30000,25,NA,NA,NA,NA
CAH02-04-01,02,03,32000,39000,45000,690,34000,40000,46000,490,26000,29500,39000,85,32000,39000,46000,90,29000,32000,38000,25
CAH02-04-01,02,04,30000,35500,42000,365,33000,37000,43500,235,33000,38000,45000,30,34000,37000,41000,40,22000,25000,26000,55
CAH02-04-02,01,03,27000,28000,30000,9775,27000,28000,29000,7475,25000,27000,28000,470,26500,30000,30000,1210,27000,28000,29000,615
CAH02-04-02,02,03,26000,28000,30000,620,26000,28000,28500,445,25000,27000,27000,65,29000,30000,33000,50,27000,28000,30000,60
CAH02-04-02,02,04,34000,42000,50000,35,35000,44000,50000,30,NA,NA,NA,NA,NA,NA,NA,NA,NA,NA,NA,NA
CAH02-04-03,01,03,34500,37500,43000,165,34000,37500,43000,155,NA,NA,NA,NA,NA,NA,NA,NA,NA,NA,NA,NA
CAH02-04-03,01,04,35000,35000,37000,25,33500,35500,37000,25,NA,NA,NA,NA,NA,NA,NA,NA,NA,NA,NA,NA
CAH02-04-03,02,03,35000,40000,42000,30,36000,40000,41500,25,NA,NA,NA,NA,NA,NA,NA,NA,NA,NA,NA,NA
CAH02-04-03,02,04,33000,36500,37500,85,31000,35500,37000,45,NA,NA,NA,NA,35000,37000,37500,25,35000,37000,40000,10
CAH02-04-04,01,03,27000,28500,33500,2380,27000,28500,33500,2060,25000,26000,27000,50,27000,30000,32500,145,27000,30000,35000,120
CAH02-04-04,02,03,28000,32000,35000,80,28000,32000,35000,80,NA,NA,NA,NA,NA,NA,NA,NA,NA,NA,NA,NA
CAH02-04-04,02,04,38000,45000,47000,15,45000,46000,52000,15,NA,NA,NA,NA,NA,NA,NA,NA,NA,NA,NA,NA
CAH02-04-05,01,03,27000,28000,28500,2100,27000,28000,28500,1745,25000,27000,27000,50,26000,28000,30000,200,27000,28000,28000,105
CAH02-04-05,02,03,26000,28000,29000,60,26000,28000,28500,55,NA,NA,NA,NA,NA,NA,NA,NA,NA,NA,NA,NA
CAH02-04-06,01,03,45000,50000,60000,20,40000,50000,58000,15,NA,NA,NA,NA,NA,NA,NA,NA,NA,NA,NA,NA
CAH02-04-06,01,04,25000,30000,40000,15,25000,28000,40000,15,NA,NA,NA,NA,NA,NA,NA,NA,NA,NA,NA,NA
CAH02-04-07,01,03,28000,28500,33000,3050,28000,28500,33500,2490,25500,27000,28500,60,27000,30000,32000,335,27000,28000,30000,160
CAH02-04-07,01,04,27000,28500,30000,75,27000,28500,30000,75,NA,NA,NA,NA,NA,NA,NA,NA,NA,NA,NA,NA
CAH02-04-07,02,03,27000,28500,33500,195,27000,28500,35000,115,25000,27000,30000,35,28000,30000,33500,20,27000,28500,32000,25
CAH02-04-07,02,04,28000,33000,37000,25,24000,28500,34000,20,NA,NA,NA,NA,NA,NA,NA,NA,NA,NA,NA,NA
CAH02-04-08,01,03,27000,28500,31000,415,27000,28500,33000,295,25000,27000,28000,30,26500,30000,30000,80,28000,32000,36000,10
CAH02-04-09,01,03,28000,28500,32000,45,28000,28500,32000,45,NA,NA,NA,NA,NA,NA,NA,NA,NA,NA,NA,NA
CAH02-04-09,02,03,35000,38000,46000,125,35000,39000,45000,115,NA,NA,NA,NA,NA,NA,NA,NA,NA,NA,NA,NA
CAH02-04-09,02,04,33000,35000,38000,145,32500,35000,38000,110,34000,37000,41000,10,37000,37500,38000,10,31000,33000,34000,10
CAH02-05,01,03,24000,28000,30000,6025,24000,28000,30000,5135,24000,27000,28000,235,24500,28000,31000,405,26000,28000,29000,245
CAH02-05,01,04,24000,28500,32000,30,24000,27500,32000,15,NA,NA,NA,NA,NA,NA,NA,NA,NA,NA,NA,NA
CAH02-05,02,03,24000,28000,32500,240,23000,27000,33000,205,21500,22500,27000,10,30000,31000,37000,20,NA,NA,NA,NA
CAH02-05,02,04,26000,28000,33000,80,26000,29000,38000,55,NA,NA,NA,NA,26000,27000,30000,10,NA,NA,NA,NA
CAH02-05-01,01,03,28000,28500,30000,1495,28000,28500,32000,1185,26000,27000,28500,75,30000,30000,31000,115,28000,28500,29000,120
CAH02-05-01,02,03,28000,28500,30000,20,28000,28500,30000,20,NA,NA,NA,NA,NA,NA,NA,NA,NA,NA,NA,NA
CAH02-05-01,02,04,26000,26000,27500,15,NA,NA,NA,NA,NA,NA,NA,NA,NA,NA,NA,NA,NA,NA,NA,NA
CAH02-05-02,01,03,28000,28500,32000,180,28000,29000,32000,155,NA,NA,NA,NA,NA,NA,NA,NA,27000,28000,28500,20
CAH02-05-02,01,04,24000,30000,40000,25,NA,NA,NA,NA,NA,NA,NA,NA,NA,NA,NA,NA,NA,NA,NA,NA
CAH02-05-02,02,03,36000,40000,45000,25,36000,40000,45000,25,NA,NA,NA,NA,NA,NA,NA,NA,NA,NA,NA,NA
CAH02-05-02,02,04,27000,38000,43000,25,38000,42000,44000,15,NA,NA,NA,NA,NA,NA,NA,NA,NA,NA,NA,NA
CAH02-05-03,01,03,23000,25500,29500,3850,23000,25500,30000,3400,23500,26000,28000,130,23500,25500,30000,240,23000,25500,29500,75
CAH02-05-03,02,03,23000,26000,30000,180,23000,26000,29000,155,21500,22500,27000,10,NA,NA,NA,NA,NA,NA,NA,NA
CAH02-05-03,02,04,25500,27500,32500,45,24000,28000,33000,35,NA,NA,NA,NA,NA,NA,NA,NA,NA,NA,NA,NA
CAH02-05-04,01,03,23000,27000,30000,500,23000,27000,31500,395,20000,26000,28000,25,23000,25500,30000,50,26000,28000,29000,30
CAH02-05-04,02,03,30000,31000,39000,20,NA,NA,NA,NA,NA,NA,NA,NA,30000,31000,39000,15,NA,NA,NA,NA
CAH02-06,01,03,27000,28500,30000,9605,27000,28500,30000,8010,26000,27000,28500,310,30000,30000,32500,630,28000,28000,29000,650
CAH02-06,01,04,25000,27500,35000,790,24000,27000,30000,600,NA,NA,NA,NA,36000,39000,42000,155,25000,27000,27000,30
CAH02-06,02,03,28500,37000,46000,765,28500,37000,46000,720,26500,35000,50000,10,25000,37000,55000,20,27000,35000,45000,15
CAH02-06,02,04,25000,29500,36000,305,25000,29500,35500,240,NA,NA,NA,NA,24500,25000,35000,25,28000,31000,38000,35
CAH02-06-01,01,03,27000,28500,30000,3180,27000,28500,29500,2780,27000,28000,28500,45,30000,30000,37000,200,28000,28000,29000,160
CAH02-06-01,01,04,25000,28000,36000,680,24000,27000,30000,505,NA,NA,NA,NA,37000,40000,44000,145,25500,27000,27000,25
CAH02-06-01,02,03,33000,42000,50000,510,33000,42000,50000,475,26500,35000,50000,10,33000,55000,60000,10,27000,37000,45000,15
CAH02-06-01,02,04,27000,28500,35000,110,27000,30000,34000,80,NA,NA,NA,NA,NA,NA,NA,NA,27000,29000,38500,20
CAH02-06-02,01,03,25000,28000,30000,750,25000,28000,30000,605,25000,26000,28000,45,26000,30000,30000,60,28000,28000,31000,40
CAH02-06-02,02,03,25000,28000,30000,35,25000,28000,30000,35,NA,NA,NA,NA,NA,NA,NA,NA,NA,NA,NA,NA
CAH02-06-03,01,03,21000,24000,36000,745,21000,24000,35000,615,20000,25000,32500,10,23000,30000,39500,65,21000,25000,37000,55
CAH02-06-03,01,04,22000,23000,24000,15,NA,NA,NA,NA,NA,NA,NA,NA,NA,NA,NA,NA,NA,NA,NA,NA
CAH02-06-03,02,03,20000,23000,28000,15,20000,28000,28000,10,NA,NA,NA,NA,NA,NA,NA,NA,NA,NA,NA,NA
CAH02-06-03,02,04,24500,26000,30000,35,24000,25000,29500,30,NA,NA,NA,NA,NA,NA,NA,NA,NA,NA,NA,NA
CAH02-06-04,01,03,24500,30000,37500,230,23000,29000,35000,145,26000,28500,38000,40,35000,40000,41500,15,30500,33000,39000,25
CAH02-06-04,02,03,30000,40000,45000,35,30000,40000,45000,30,NA,NA,NA,NA,NA,NA,NA,NA,NA,NA,NA,NA
CAH02-06-05,01,03,28000,28500,30000,2525,28000,28500,29500,2115,26000,27000,28000,90,30000,30000,30500,140,28000,28000,29000,175
CAH02-06-05,02,03,25000,28000,32000,45,27000,28000,32000,40,NA,NA,NA,NA,NA,NA,NA,NA,NA,NA,NA,NA
CAH02-06-06,01,03,27500,29500,34500,345,27000,29000,35000,250,23000,27500,30000,10,30000,30000,31000,50,28000,29000,34500,35
CAH02-06-06,01,04,24000,25000,28000,25,22500,25000,26000,20,NA,NA,NA,NA,NA,NA,NA,NA,NA,NA,NA,NA
CAH02-06-06,02,03,26000,30000,38000,30,26000,30000,38000,30,NA,NA,NA,NA,NA,NA,NA,NA,NA,NA,NA,NA
CAH02-06-07,01,03,27000,28500,30000,1835,27000,28500,30000,1500,26500,27000,28000,65,30000,30000,32000,105,28000,28000,29000,165
CAH02-06-07,01,04,21500,25000,28500,70,21500,25000,29000,65,NA,NA,NA,NA,NA,NA,NA,NA,NA,NA,NA,NA
CAH02-06-07,02,03,28000,30000,35000,100,28000,30000,35000,100,NA,NA,NA,NA,NA,NA,NA,NA,NA,NA,NA,NA
CAH02-06-07,02,04,25000,30000,38000,150,25000,30000,38000,115,NA,NA,NA,NA,25000,30000,53000,15,30000,34000,38000,15
CAH03,01,03,23000,25500,30000,11660,23000,25500,30000,10010,21500,25000,28500,270,22500,25500,29000,880,22000,24500,28000,475
CAH03,01,04,18000,23000,25000,365,18000,23000,25000,345,NA,NA,NA,NA,NA,NA,NA,NA,NA,NA,NA,NA
CAH03,02,03,24000,27000,32000,530,24000,27000,32000,475,25000,30000,30000,15,22500,26500,28000,30,23500,26000,32000,10
CAH03,02,04,25000,30000,40000,35,23500,30000,42000,20,NA,NA,NA,NA,20000,30000,36000,10,NA,NA,NA,NA
CAH03-01,01,03,23000,26000,30000,6510,23000,26000,30000,5605,23000,26000,29000,140,23000,25500,29000,520,22000,25000,28000,230
CAH03-01,01,04,20000,23000,25000,90,20000,23000,25500,85,NA,NA,NA,NA,NA,NA,NA,NA,NA,NA,NA,NA
CAH03-01,02,03,23000,25500,30000,180,23000,25500,30000,155,NA,NA,NA,NA,22500,26500,32500,20,NA,NA,NA,NA
CAH03-01,02,04,27000,30000,42000,10,NA,NA,NA,NA,NA,NA,NA,NA,NA,NA,NA,NA,NA,NA,NA,NA
CAH03-01-01,01,03,23500,26500,30000,1330,23500,26500,30000,1110,21500,27000,30000,60,22500,25500,30000,75,24000,26000,30000,85
CAH03-01-01,02,03,24000,29000,35000,65,25000,29000,35000,55,NA,NA,NA,NA,NA,NA,NA,NA,NA,NA,NA,NA
CAH03-01-02,01,03,23000,26000,30000,1510,23000,26000,30000,1395,18000,23000,28000,15,23000,25500,30000,55,22000,24000,27000,40
CAH03-01-02,02,03,24000,25000,27000,45,24000,25000,27000,35,NA,NA,NA,NA,NA,NA,NA,NA,NA,NA,NA,NA
CAH03-01-03,01,03,22000,24500,28000,735,22000,24500,28000,605,23500,24000,25000,10,23500,27000,29000,75,21000,23500,26500,35
CAH03-01-03,01,04,20000,23000,25000,45,21000,23000,25000,40,NA,NA,NA,NA,NA,NA,NA,NA,NA,NA,NA,NA
CAH03-01-03,02,03,25500,26000,32500,10,23500,26000,32500,10,NA,NA,NA,NA,NA,NA,NA,NA,NA,NA,NA,NA
CAH03-01-04,01,03,23000,25500,29000,285,23000,25000,29000,180,23000,26000,30000,20,23500,26000,29000,90,NA,NA,NA,NA
CAH03-01-05,01,03,26000,28000,30000,25,27500,30000,30000,20,NA,NA,NA,NA,NA,NA,NA,NA,NA,NA,NA,NA
CAH03-01-06,01,03,21500,24000,26000,805,21000,24000,26000,660,22000,23500,28000,15,21500,23500,26500,100,20000,24000,26000,30
CAH03-01-06,01,04,20000,23000,24000,35,20000,23000,26000,35,NA,NA,NA,NA,NA,NA,NA,NA,NA,NA,NA,NA
CAH03-01-06,02,03,19000,24000,25000,15,19000,24000,25000,15,NA,NA,NA,NA,NA,NA,NA,NA,NA,NA,NA,NA
CAH03-01-07,01,03,23500,27000,30000,155,23500,28000,30000,135,NA,NA,NA,NA,25000,25500,27000,15,NA,NA,NA,NA
CAH03-01-08,01,03,24000,28000,32000,1420,24000,28000,32000,1300,27000,28500,30000,20,24000,27000,32000,70,24500,25500,27500,30
CAH03-01-08,02,03,23000,25000,29000,35,23000,25000,29000,30,NA,NA,NA,NA,NA,NA,NA,NA,NA,NA,NA,NA
CAH03-01-10,01,03,23000,27000,30000,240,23500,27000,30500,195,NA,NA,NA,NA,22000,26000,29500,40,NA,NA,NA,NA
CAH03-02,01,03,22000,25000,30000,5150,22000,25000,30000,4410,19000,24000,26500,130,22000,25000,29000,360,21000,24000,29000,245
CAH03-02,01,04,17500,22000,25000,270,17500,22000,25000,260,NA,NA,NA,NA,NA,NA,NA,NA,NA,NA,NA,NA
CAH03-02,02,03,24000,28000,32000,350,24000,28000,32000,315,25000,30000,30000,15,20500,26000,27000,10,NA,NA,NA,NA
CAH03-02,02,04,23500,30000,36000,20,23500,30000,42000,10,NA,NA,NA,NA,20000,30000,36000,10,NA,NA,NA,NA
CAH03-02-01,01,03,22000,25000,30000,5150,22000,25000,30000,4410,19000,24000,26500,130,22000,25000,29000,360,21000,24000,29000,245
CAH03-02-01,01,04,17500,22000,25000,270,17500,22000,25000,260,NA,NA,NA,NA,NA,NA,NA,NA,NA,NA,NA,NA
CAH03-02-01,02,03,24000,28000,32000,350,24000,28000,32000,315,25000,30000,30000,15,20500,26000,27000,10,NA,NA,NA,NA
CAH03-02-01,02,04,23500,30000,36000,20,23500,30000,42000,10,NA,NA,NA,NA,20000,30000,36000,10,NA,NA,NA,NA
CAH04,01,03,22000,25000,28000,10475,22000,25000,28000,9340,19000,23000,25000,175,22000,24000,28000,560,22000,24000,26000,380
CAH04,01,04,24000,26000,29000,40,24000,27000,29000,40,NA,NA,NA,NA,NA,NA,NA,NA,NA,NA,NA,NA
CAH04,02,03,24000,27000,33000,975,24000,27000,33000,790,20000,25000,31000,20,25000,30000,37000,100,24000,26000,30000,65
CAH04,02,04,23000,28000,34500,120,23000,28000,33000,105,NA,NA,NA,NA,23500,26000,30000,15,NA,NA,NA,NA
CAH04-01,01,03,22000,25000,28000,10475,22000,25000,28000,9340,19000,23000,25000,175,22000,24000,28000,560,22000,24000,26000,380
CAH04-01,01,04,24000,26000,29000,40,24000,27000,29000,40,NA,NA,NA,NA,NA,NA,NA,NA,NA,NA,NA,NA
CAH04-01,02,03,24000,27000,33000,975,24000,27000,33000,790,20000,25000,31000,20,25000,30000,37000,100,24000,26000,30000,65
CAH04-01,02,04,23000,28000,34500,120,23000,28000,33000,105,NA,NA,NA,NA,23500,26000,30000,15,NA,NA,NA,NA
CAH04-01-01,01,03,22000,25000,28000,9005,22000,25000,28000,8045,19000,23000,25000,165,22000,24000,28000,475,21500,23500,26000,305
CAH04-01-01,01,04,17500,22000,29000,10,NA,NA,NA,NA,NA,NA,NA,NA,NA,NA,NA,NA,NA,NA,NA,NA
CAH04-01-01,02,03,24000,27000,33000,915,24000,27000,33000,735,21000,27000,31000,20,25000,30000,37000,95,24000,26000,30000,65
CAH04-01-01,02,04,23000,27500,33000,105,23000,26500,32000,85,NA,NA,NA,NA,23500,26000,30000,15,NA,NA,NA,NA
CAH04-01-02,01,03,22500,25000,28000,950,22500,25000,28000,800,NA,NA,NA,NA,24000,25000,28000,70,23500,25000,27000,70
CAH04-01-02,01,04,22000,26000,27000,10,22000,26000,27000,10,NA,NA,NA,NA,NA,NA,NA,NA,NA,NA,NA,NA
CAH04-01-02,02,03,19000,22500,28000,45,19000,25000,28000,40,NA,NA,NA,NA,NA,NA,NA,NA,NA,NA,NA,NA
CAH04-01-03,01,03,21000,24000,28000,200,21000,24000,28000,190,NA,NA,NA,NA,NA,NA,NA,NA,NA,NA,NA,NA
CAH04-01-04,01,03,22000,24500,27000,185,22000,24500,27000,175,NA,NA,NA,NA,NA,NA,NA,NA,NA,NA,NA,NA
CAH04-01-04,01,04,26000,28000,29000,20,26000,28000,29000,20,NA,NA,NA,NA,NA,NA,NA,NA,NA,NA,NA,NA
CAH04-01-05,01,03,23000,26000,30000,140,23000,26000,30000,135,NA,NA,NA,NA,NA,NA,NA,NA,NA,NA,NA,NA
CAH05,01,03,30000,34000,37000,1625,30000,34000,37000,1325,34000,36000,39000,50,27000,33000,34500,165,33000,34000,37000,80
CAH05,01,04,24500,26000,28000,210,24500,26000,28000,195,NA,NA,NA,NA,NA,NA,NA,NA,24000,25000,25000,15
CAH05,02,03,26000,30000,32000,50,27000,30000,32000,40,NA,NA,NA,NA,NA,NA,NA,NA,NA,NA,NA,NA
CAH05,02,04,26000,29000,33500,30,26000,29000,32000,25,NA,NA,NA,NA,NA,NA,NA,NA,NA,NA,NA,NA
CAH05-01,01,03,30000,34000,37000,1625,30000,34000,37000,1325,34000,36000,39000,50,27000,33000,34500,165,33000,34000,37000,80
CAH05-01,01,04,24500,26000,28000,210,24500,26000,28000,195,NA,NA,NA,NA,NA,NA,NA,NA,24000,25000,25000,15
CAH05-01,02,03,26000,30000,32000,50,27000,30000,32000,40,NA,NA,NA,NA,NA,NA,NA,NA,NA,NA,NA,NA
CAH05-01,02,04,26000,29000,33500,30,26000,29000,32000,25,NA,NA,NA,NA,NA,NA,NA,NA,NA,NA,NA,NA
CAH05-01-01,01,03,33000,35000,37000,1270,33000,35000,37500,1035,35000,36000,39000,40,32500,34000,36000,115,33000,34000,37000,75
CAH05-01-02,01,03,24000,26000,28000,355,24000,26500,28500,290,NA,NA,NA,NA,24000,25000,26500,50,NA,NA,NA,NA
CAH05-01-02,01,04,24000,26000,28000,210,24500,26000,28000,195,NA,NA,NA,NA,NA,NA,NA,NA,24000,25000,25000,15
CAH05-01-02,02,03,26000,30000,32000,50,28000,30000,32000,40,NA,NA,NA,NA,NA,NA,NA,NA,NA,NA,NA,NA
CAH05-01-02,02,04,28000,29500,34000,25,28000,29500,33500,25,NA,NA,NA,NA,NA,NA,NA,NA,NA,NA,NA,NA
CAH06,01,03,23000,26000,30000,2155,23000,26000,30000,1760,24000,28000,30000,85,24000,26000,30000,205,21500,24000,27000,95
CAH06,01,04,20000,24000,28000,525,20000,25000,28000,440,NA,NA,NA,NA,20000,23500,28000,70,16000,19000,24000,20
CAH06,02,03,21000,26000,30000,60,21500,27000,31000,50,NA,NA,NA,NA,NA,NA,NA,NA,NA,NA,NA,NA
CAH06,02,04,25500,30000,37000,110,24000,30000,37500,60,NA,NA,NA,NA,29000,32000,39500,45,NA,NA,NA,NA
CAH06-01,01,03,23000,26000,30000,2155,23000,26000,30000,1760,24000,28000,30000,85,24000,26000,30000,205,21500,24000,27000,95
CAH06-01,01,04,20000,24000,28000,525,20000,25000,28000,440,NA,NA,NA,NA,20000,23500,28000,70,16000,19000,24000,20
CAH06-01,02,03,21000,26000,30000,60,21500,27000,31000,50,NA,NA,NA,NA,NA,NA,NA,NA,NA,NA,NA,NA
CAH06-01,02,04,25500,30000,37000,110,24000,30000,37500,60,NA,NA,NA,NA,29000,32000,39500,45,NA,NA,NA,NA
CAH06-01-01,01,03,21000,24000,27000,855,21000,24000,27000,785,NA,NA,NA,NA,22000,23500,25500,30,20000,22000,24000,30
CAH06-01-01,01,04,20000,23000,25000,65,20000,24000,25000,60,NA,NA,NA,NA,NA,NA,NA,NA,NA,NA,NA,NA
CAH06-01-01,02,03,18000,25000,29000,25,18000,23000,30000,20,NA,NA,NA,NA,NA,NA,NA,NA,NA,NA,NA,NA
CAH06-01-01,02,04,23000,24000,35000,15,NA,NA,NA,NA,NA,NA,NA,NA,NA,NA,NA,NA,NA,NA,NA,NA
CAH06-01-02,01,03,24000,26000,28500,20,24000,26000,28500,20,NA,NA,NA,NA,NA,NA,NA,NA,NA,NA,NA,NA
CAH06-01-03,01,03,24500,27000,30000,845,25000,27500,31000,665,23000,28000,30000,45,24000,26000,30000,90,23000,25000,28000,45
CAH06-01-03,01,04,20000,24000,28000,250,20000,24000,28000,195,NA,NA,NA,NA,20000,23000,27000,50,NA,NA,NA,NA
CAH06-01-03,02,03,25000,26000,31000,25,25000,27000,30000,15,NA,NA,NA,NA,NA,NA,NA,NA,NA,NA,NA,NA
CAH06-01-03,02,04,25500,30000,37500,55,23000,28000,37500,20,NA,NA,NA,NA,29000,32000,40000,30,NA,NA,NA,NA
CAH06-01-04,01,03,23500,25000,28000,45,22500,25000,26500,25,NA,NA,NA,NA,24000,27000,30500,15,NA,NA,NA,NA
CAH06-01-04,01,04,20000,24000,28000,35,15000,24000,27000,25,NA,NA,NA,NA,20000,22500,29500,15,NA,NA,NA,NA
CAH06-01-05,01,03,24000,27500,32500,30,24000,27500,32500,15,NA,NA,NA,NA,25500,27000,28000,10,NA,NA,NA,NA
CAH06-01-05,01,04,26000,28000,35000,15,NA,NA,NA,NA,NA,NA,NA,NA,NA,NA,NA,NA,NA,NA,NA,NA
CAH06-01-05,02,04,29000,30000,36000,15,NA,NA,NA,NA,NA,NA,NA,NA,28500,30000,36000,10,NA,NA,NA,NA
CAH06-01-06,01,03,24000,28000,31500,85,25000,30000,31500,30,24000,30000,30000,15,23000,27500,32000,40,NA,NA,NA,NA
CAH06-01-06,01,04,27500,32000,35000,55,27500,32000,35000,55,NA,NA,NA,NA,NA,NA,NA,NA,NA,NA,NA,NA
CAH06-01-06,02,04,27000,34000,50000,15,27000,34000,50000,15,NA,NA,NA,NA,NA,NA,NA,NA,NA,NA,NA,NA
CAH06-01-07,01,03,25000,28000,30000,210,25000,28000,30000,175,25500,28500,30000,10,23000,27000,28000,15,23000,27000,30500,10
CAH06-01-07,01,04,16000,24000,26000,30,16000,24000,26000,30,NA,NA,NA,NA,NA,NA,NA,NA,NA,NA,NA,NA
CAH06-01-08,01,03,25000,28000,32000,55,25000,28000,32000,40,NA,NA,NA,NA,NA,NA,NA,NA,NA,NA,NA,NA
CAH06-01-08,01,04,16000,22000,28000,70,16000,22000,27500,65,NA,NA,NA,NA,NA,NA,NA,NA,NA,NA,NA,NA
CAH06-01-08,02,04,28000,30000,39000,10,29000,30000,39000,10,NA,NA,NA,NA,NA,NA,NA,NA,NA,NA,NA,NA
CAH07,01,03,25000,29500,34000,6845,25000,30000,34000,6045,24000,28000,30000,90,25000,28500,32000,490,24000,27000,30000,205
CAH07,01,04,15000,23000,24500,15,15000,23000,23500,15,NA,NA,NA,NA,NA,NA,NA,NA,NA,NA,NA,NA
CAH07,02,03,24000,29500,35000,290,24000,29500,35000,240,NA,NA,NA,NA,23500,32000,40000,25,24000,28000,32000,15
CAH07,02,04,31000,42000,48000,65,31000,43000,51000,55,NA,NA,NA,NA,NA,NA,NA,NA,NA,NA,NA,NA
CAH07-01,01,03,27500,31500,35500,2695,28000,32000,36000,2370,24000,28500,30500,50,26000,30000,35000,210,23000,28000,30000,60
CAH07-01,02,03,27000,32000,36000,60,28000,32000,40000,45,NA,NA,NA,NA,NA,NA,NA,NA,NA,NA,NA,NA
CAH07-01-01,01,03,27500,31500,35500,2395,28000,32000,36000,2120,24000,28500,30500,50,26000,30000,35000,170,23000,28000,30000,55
CAH07-01-01,02,03,27000,31000,36000,55,28000,32000,36000,40,NA,NA,NA,NA,NA,NA,NA,NA,NA,NA,NA,NA
CAH07-01-02,01,03,26000,30000,35000,300,26000,30000,35000,250,NA,NA,NA,NA,25500,30000,35000,40,NA,NA,NA,NA
CAH07-02,01,03,25000,29000,33000,2480,25000,29000,33000,2190,25000,27000,30500,30,24500,28000,31500,170,24000,28000,31000,80
CAH07-02,02,03,24000,27500,33000,50,24000,27000,33000,45,NA,NA,NA,NA,NA,NA,NA,NA,NA,NA,NA,NA
CAH07-02-01,01,03,25000,29000,33000,2480,25000,29000,33000,2190,25000,27000,30500,30,24500,28000,31500,170,24000,28000,31000,80
CAH07-02-01,02,03,24000,27500,33000,50,24000,27000,33000,45,NA,NA,NA,NA,NA,NA,NA,NA,NA,NA,NA,NA
CAH07-04,01,03,23000,26000,30000,1670,23000,26000,30500,1480,NA,NA,NA,NA,24000,25500,30000,110,23000,26500,28000,65
CAH07-04,02,03,23500,29500,36000,180,23500,28500,35000,145,NA,NA,NA,NA,23500,32000,39000,20,NA,NA,NA,NA
CAH07-04,02,04,31000,43000,47000,55,32000,45000,48000,45,NA,NA,NA,NA,NA,NA,NA,NA,NA,NA,NA,NA
CAH07-04-01,02,03,24000,29500,36000,50,24000,29500,36000,40,NA,NA,NA,NA,NA,NA,NA,NA,NA,NA,NA,NA
CAH07-04-02,01,03,22500,25000,28500,1250,22500,25000,28500,1095,NA,NA,NA,NA,24000,25000,28000,95,22000,26500,27500,55
CAH07-04-02,02,03,21000,24000,30000,45,22000,24000,30000,40,NA,NA,NA,NA,NA,NA,NA,NA,NA,NA,NA,NA
CAH07-04-02,02,04,40000,46000,48000,35,43000,46000,51000,30,NA,NA,NA,NA,NA,NA,NA,NA,NA,NA,NA,NA
CAH07-04-03,01,03,23000,24000,26500,30,23000,25000,30000,20,NA,NA,NA,NA,NA,NA,NA,NA,NA,NA,NA,NA
CAH07-04-03,02,03,26000,32000,42000,40,25000,32000,40000,30,NA,NA,NA,NA,NA,NA,NA,NA,NA,NA,NA,NA
CAH07-04-04,01,03,27000,31500,37000,380,27000,31500,37000,360,NA,NA,NA,NA,28500,32000,34000,10,NA,NA,NA,NA
CAH07-04-04,02,03,24000,29500,36000,45,24000,29500,36000,40,NA,NA,NA,NA,NA,NA,NA,NA,NA,NA,NA,NA
CAH07-04-04,02,04,20000,23500,31500,15,22000,29000,33000,10,NA,NA,NA,NA,NA,NA,NA,NA,NA,NA,NA,NA
CAH09,01,03,27000,31000,36000,4530,27000,31500,37000,3990,24000,27000,30000,90,25000,30000,33000,320,24500,28000,29500,120
CAH09,01,04,22000,24500,26000,15,22000,23500,26000,10,NA,NA,NA,NA,NA,NA,NA,NA,NA,NA,NA,NA
CAH09,02,03,26000,31500,41000,250,28000,32000,42000,210,NA,NA,NA,NA,27000,32000,36500,25,NA,NA,NA,NA
CAH09,02,04,33000,55000,75000,35,35000,66000,88000,30,NA,NA,NA,NA,NA,NA,NA,NA,NA,NA,NA,NA
CAH09-01,01,03,27000,31000,36000,4530,27000,31500,37000,3990,24000,27000,30000,90,25000,30000,33000,320,24500,28000,29500,120
CAH09-01,01,04,22000,24500,26000,15,22000,23500,26000,10,NA,NA,NA,NA,NA,NA,NA,NA,NA,NA,NA,NA
CAH09-01,02,03,26000,31500,41000,250,28000,32000,42000,210,NA,NA,NA,NA,27000,32000,36500,25,NA,NA,NA,NA
CAH09-01,02,04,33000,55000,75000,35,35000,66000,88000,30,NA,NA,NA,NA,NA,NA,NA,NA,NA,NA,NA,NA
CAH09-01-01,01,03,27000,31000,36000,4190,27000,31000,37000,3750,24000,27000,30000,80,25000,30000,33000,235,24500,28000,29500,120
CAH09-01-01,02,03,25000,31500,38000,220,27000,31500,40000,185,NA,NA,NA,NA,21500,32000,36500,20,NA,NA,NA,NA
CAH09-01-01,02,04,29000,52000,86000,20,33000,70000,100000,15,NA,NA,NA,NA,NA,NA,NA,NA,NA,NA,NA,NA
CAH09-01-02,01,03,29000,33500,41000,40,29000,33500,41000,40,NA,NA,NA,NA,NA,NA,NA,NA,NA,NA,NA,NA
CAH09-01-02,01,04,23000,23500,26000,10,23000,23500,26000,10,NA,NA,NA,NA,NA,NA,NA,NA,NA,NA,NA,NA
CAH09-01-03,01,03,27500,32500,37500,295,29500,34000,40000,200,NA,NA,NA,NA,25000,30000,33500,85,NA,NA,NA,NA
CAH09-01-03,02,03,32500,41500,87500,30,32500,41500,60000,25,NA,NA,NA,NA,NA,NA,NA,NA,NA,NA,NA,NA
CAH09-01-03,02,04,35000,55000,66000,20,35000,58000,86000,10,NA,NA,NA,NA,NA,NA,NA,NA,NA,NA,NA,NA
CAH10,01,03,28000,31500,35000,17395,28500,31500,35000,14295,27000,30000,33000,480,28500,31500,35000,2065,26500,30000,32000,520
CAH10,01,04,24000,30000,39500,425,24000,30000,38000,395,NA,NA,NA,NA,24500,29000,50000,15,25000,35000,42000,15
CAH10,02,03,33000,42000,53000,1820,33000,42500,54000,1505,33000,39000,43000,45,35000,43000,54000,180,35000,38000,46000,85
CAH10,02,04,35000,41000,50000,795,35000,42000,50000,650,NA,NA,NA,NA,34000,43000,70000,40,30000,38000,44500,100
CAH10-01,01,03,28500,31500,35000,16560,28500,32000,35000,13535,27000,30000,33000,480,28500,31500,35000,2020,26500,30000,32000,495
CAH10-01,01,04,24000,30000,39500,390,24000,30000,39000,365,NA,NA,NA,NA,24500,29000,34000,15,NA,NA,NA,NA
CAH10-01,02,03,33000,42000,53000,1780,33000,43000,54000,1470,33000,40000,43000,45,35000,43500,54000,175,35000,38000,46000,85
CAH10-01,02,04,35000,41000,50000,740,35000,42000,50000,600,NA,NA,NA,NA,31500,41000,61500,40,30000,38000,43500,95
CAH10-01-01,01,03,28000,32000,37000,1245,29000,32500,38000,1075,26500,30000,32000,60,25000,29000,32000,95,26000,29000,33500,15
CAH10-01-01,01,04,27000,33000,40000,125,27000,33000,40000,125,NA,NA,NA,NA,NA,NA,NA,NA,NA,NA,NA,NA
CAH10-01-01,02,03,38000,46000,59000,505,38000,48000,60000,400,37000,41500,45000,25,35000,42500,60000,70,32000,37500,46000,15
CAH10-01-01,02,04,34000,41000,50500,255,33000,40500,50000,230,NA,NA,NA,NA,43000,53000,88000,10,NA,NA,NA,NA
CAH10-01-02,01,03,28000,31500,35000,4695,28500,31500,35000,3760,27000,30000,33000,140,28500,32000,35000,665,26500,30000,33000,130
CAH10-01-02,01,04,24000,27000,32000,50,24000,26000,30000,45,NA,NA,NA,NA,NA,NA,NA,NA,NA,NA,NA,NA
CAH10-01-02,02,03,32000,40000,50000,420,31000,40000,50000,355,NA,NA,NA,NA,39000,42000,51000,35,35000,40000,43500,25
CAH10-01-02,02,04,35000,40000,48500,90,36000,40000,50000,75,NA,NA,NA,NA,NA,NA,NA,NA,29000,31000,43500,10
CAH10-01-03,01,03,28000,32000,35500,1060,28000,32000,36000,980,25000,27500,30000,20,28000,31500,34000,40,24000,25000,30000,20
CAH10-01-03,01,04,24000,26500,32000,20,25000,26500,32000,15,NA,NA,NA,NA,NA,NA,NA,NA,NA,NA,NA,NA
CAH10-01-03,02,03,32500,41000,53500,140,33000,42000,53000,125,NA,NA,NA,NA,NA,NA,NA,NA,NA,NA,NA,NA
CAH10-01-03,02,04,36000,43000,50000,70,40000,45000,50000,40,NA,NA,NA,NA,NA,NA,NA,NA,36000,40000,46000,30
CAH10-01-04,01,03,28500,31500,35000,1880,28500,31500,35000,1695,25000,33000,35000,20,29500,32000,35000,110,27000,31000,33000,45
CAH10-01-04,01,04,24000,26000,31000,30,24000,26000,31000,30,NA,NA,NA,NA,NA,NA,NA,NA,NA,NA,NA,NA
CAH10-01-04,02,03,30000,40000,52000,125,30000,40000,52000,120,NA,NA,NA,NA,NA,NA,NA,NA,NA,NA,NA,NA
CAH10-01-04,02,04,41000,45000,50000,45,41000,45000,50000,45,NA,NA,NA,NA,NA,NA,NA,NA,NA,NA,NA,NA
CAH10-01-05,01,03,30000,32500,35000,40,28000,30000,34000,20,NA,NA,NA,NA,31000,34000,35500,25,NA,NA,NA,NA
CAH10-01-06,01,03,26000,30000,34000,575,26000,30000,35000,480,27000,28500,31000,35,23500,29000,32000,35,24000,29000,30000,25
CAH10-01-06,02,04,28000,29000,34000,25,28000,30000,44000,15,NA,NA,NA,NA,NA,NA,NA,NA,NA,NA,NA,NA
CAH10-01-07,01,03,28500,30000,32500,2910,28500,30000,33000,2255,28000,30000,33000,105,28000,30000,32000,425,28500,30000,31500,125
CAH10-01-07,01,04,24000,28000,40000,60,24000,28000,40000,60,NA,NA,NA,NA,NA,NA,NA,NA,NA,NA,NA,NA
CAH10-01-07,02,03,29000,37000,45500,260,28500,36000,46000,205,NA,NA,NA,NA,26500,39000,45500,20,36000,37000,46000,20
CAH10-01-07,02,04,30000,35500,45000,40,33000,42000,50000,25,NA,NA,NA,NA,NA,NA,NA,NA,22000,32000,36000,15
CAH10-01-08,01,03,29000,32500,37500,2340,29000,33000,38000,1810,27000,30500,36000,65,30000,32500,36000,370,26000,28500,30000,80
CAH10-01-08,01,04,24000,30000,43000,90,24000,30000,44000,80,NA,NA,NA,NA,NA,NA,NA,NA,NA,NA,NA,NA
CAH10-01-08,02,03,36500,46000,55000,245,37000,46500,55000,190,NA,NA,NA,NA,36000,43000,55000,35,32000,47500,59000,15
CAH10-01-08,02,04,37000,42500,52000,180,38000,45000,53000,145,NA,NA,NA,NA,35000,40000,86000,10,28000,39500,42000,30
CAH10-01-09,01,03,30000,33000,36500,1790,30000,33000,37000,1455,27000,29500,32000,35,30000,34000,37000,245,27000,29000,34000,50
CAH10-01-09,02,03,35000,45000,64500,45,32000,40000,60000,35,NA,NA,NA,NA,50000,60000,86000,10,NA,NA,NA,NA
CAH10-01-09,02,04,38000,41000,44500,15,37000,41000,44500,15,NA,NA,NA,NA,NA,NA,NA,NA,NA,NA,NA,NA
CAH10-01-10,01,03,28500,33000,45000,25,NA,NA,NA,NA,NA,NA,NA,NA,28000,31500,33000,10,NA,NA,NA,NA
CAH10-01-10,02,03,43000,50000,72000,35,43000,55000,72000,30,NA,NA,NA,NA,NA,NA,NA,NA,NA,NA,NA,NA
CAH10-03,01,03,25000,30000,35000,835,25000,30000,35000,765,NA,NA,NA,NA,24500,26000,31000,45,22000,29000,32000,25
CAH10-03,01,04,25000,28000,38000,35,24000,28000,38000,30,NA,NA,NA,NA,NA,NA,NA,NA,NA,NA,NA,NA
CAH10-03,02,03,32000,41500,45000,40,32000,41500,44000,35,NA,NA,NA,NA,NA,NA,NA,NA,NA,NA,NA,NA
CAH10-03,02,04,33500,44000,55000,60,32000,44000,50000,50,NA,NA,NA,NA,NA,NA,NA,NA,NA,NA,NA,NA
CAH10-03-01,02,03,40000,45000,80000,15,40000,42000,50000,10,NA,NA,NA,NA,NA,NA,NA,NA,NA,NA,NA,NA
CAH10-03-01,02,04,40000,45000,55000,50,34000,45000,55000,45,NA,NA,NA,NA,NA,NA,NA,NA,NA,NA,NA,NA
CAH10-03-02,01,03,29000,32000,36000,170,29000,32000,36000,160,NA,NA,NA,NA,NA,NA,NA,NA,NA,NA,NA,NA
CAH10-03-02,02,03,34000,39500,44000,10,34000,39500,44000,10,NA,NA,NA,NA,NA,NA,NA,NA,NA,NA,NA,NA
CAH10-03-03,01,03,22000,24500,28000,30,22000,24500,28000,30,NA,NA,NA,NA,NA,NA,NA,NA,NA,NA,NA,NA
CAH10-03-04,01,03,30000,33000,36500,65,30000,32000,36500,60,NA,NA,NA,NA,NA,NA,NA,NA,NA,NA,NA,NA
CAH10-03-04,01,04,28000,37000,40000,25,28000,34500,40000,20,NA,NA,NA,NA,NA,NA,NA,NA,NA,NA,NA,NA
CAH10-03-05,01,03,23500,26000,32000,25,23500,26000,32000,20,NA,NA,NA,NA,NA,NA,NA,NA,NA,NA,NA,NA
CAH10-03-06,01,03,24000,26500,30000,390,24000,27000,30000,345,NA,NA,NA,NA,24000,25000,28000,30,20000,28000,32000,15
CAH10-03-06,01,04,13000,23000,26500,10,13000,23000,26500,10,NA,NA,NA,NA,NA,NA,NA,NA,NA,NA,NA,NA
CAH10-03-06,02,03,30000,32000,41500,15,32000,33000,43000,10,NA,NA,NA,NA,NA,NA,NA,NA,NA,NA,NA,NA
CAH10-03-07,01,03,30000,34000,40000,145,30000,34000,40000,140,NA,NA,NA,NA,NA,NA,NA,NA,NA,NA,NA,NA
CAH11,01,03,25000,30000,36500,12255,25000,30000,37000,10135,25000,30000,33500,605,25000,30000,37500,1125,23500,27000,30000,365
CAH11,01,04,22000,24500,29000,270,22000,24500,29000,240,NA,NA,NA,NA,NA,NA,NA,NA,21000,25000,30000,25
CAH11,02,03,26000,33000,45000,975,26000,33000,45000,770,27000,32000,38500,90,30000,36000,49500,75,28000,31500,40000,40
CAH11,02,04,30000,38500,47000,170,30000,39000,50000,115,NA,NA,NA,NA,30000,42000,47000,45,NA,NA,NA,NA
CAH11-01,01,03,25000,30000,36500,12255,25000,30000,37000,10135,25000,30000,33500,605,25000,30000,37500,1125,23500,27000,30000,365
CAH11-01,01,04,22000,24500,29000,270,22000,24500,29000,240,NA,NA,NA,NA,NA,NA,NA,NA,21000,25000,30000,25
CAH11-01,02,03,26000,33000,45000,975,26000,33000,45000,770,27000,32000,38500,90,30000,36000,49500,75,28000,31500,40000,40
CAH11-01,02,04,30000,38500,47000,170,30000,39000,50000,115,NA,NA,NA,NA,30000,42000,47000,45,NA,NA,NA,NA
CAH11-01-01,01,03,27000,32000,40000,7620,27000,32000,40000,6420,25000,29500,33000,365,26000,32000,38500,640,25000,28000,31000,175
CAH11-01-01,01,04,21500,24000,28500,225,22000,24000,29000,200,NA,NA,NA,NA,NA,NA,NA,NA,19500,25000,26000,15
CAH11-01-01,02,03,26000,30000,39000,325,25000,30000,39500,265,26500,32500,40000,45,NA,NA,NA,NA,NA,NA,NA,NA
CAH11-01-01,02,04,34000,42000,53000,40,34000,40000,53000,30,NA,NA,NA,NA,42000,47000,58000,10,NA,NA,NA,NA
CAH11-01-02,01,03,24500,27500,32500,350,24000,27000,32500,260,26000,28000,34000,35,25000,28500,31000,55,NA,NA,NA,NA
CAH11-01-02,02,03,28000,37000,50000,470,28000,37500,50000,360,27500,31000,37000,25,30000,39500,56000,60,28000,33500,50000,25
CAH11-01-02,02,04,28000,36000,45000,115,28000,37500,46000,75,NA,NA,NA,NA,30000,40000,45000,30,NA,NA,NA,NA
CAH11-01-03,01,03,24000,27000,32000,255,25000,28000,33000,185,24000,26500,30000,40,NA,NA,NA,NA,21000,26000,30000,25
CAH11-01-03,02,03,35000,40000,45000,25,38500,40000,45000,20,NA,NA,NA,NA,NA,NA,NA,NA,NA,NA,NA,NA
CAH11-01-04,01,03,25000,30000,35000,1795,25000,30000,35000,1355,30000,32000,35000,115,26000,31000,38000,240,23500,26500,32000,80
CAH11-01-04,02,03,25000,32000,36500,65,25000,29500,38000,50,32000,32000,32000,10,NA,NA,NA,NA,NA,NA,NA,NA
CAH11-01-05,01,03,30000,34000,40000,150,30000,34000,40000,130,NA,NA,NA,NA,26000,34000,38000,10,NA,NA,NA,NA
CAH11-01-06,01,03,22000,25000,29000,1365,22000,25000,29000,1220,NA,NA,NA,NA,22000,24500,28000,90,20000,24000,26000,45
CAH11-01-06,01,04,23000,26000,30000,25,23000,25500,28500,25,NA,NA,NA,NA,NA,NA,NA,NA,NA,NA,NA,NA
CAH11-01-06,02,03,22000,25000,31000,50,22000,25000,31000,50,NA,NA,NA,NA,NA,NA,NA,NA,NA,NA,NA,NA
CAH11-01-07,01,03,25000,28000,33500,325,25000,28500,34000,250,25500,28000,32000,40,25500,27500,30000,25,NA,NA,NA,NA
CAH11-01-07,02,03,33000,38000,75000,15,NA,NA,NA,NA,NA,NA,NA,NA,NA,NA,NA,NA,NA,NA,NA,NA
CAH11-01-08,01,03,24000,29500,34000,395,24000,29500,35000,310,NA,NA,NA,NA,25000,30000,33000,55,22000,26000,29000,25
CAH11-01-08,02,03,25000,27000,31000,20,25000,27000,29000,15,NA,NA,NA,NA,NA,NA,NA,NA,NA,NA,NA,NA
CAH13,01,03,24000,27500,31000,4525,24000,27500,31000,3775,24000,27000,30000,175,24500,27000,30000,435,23500,26000,31000,140
CAH13,01,04,26000,29500,32000,165,26000,29500,32500,155,NA,NA,NA,NA,NA,NA,NA,NA,NA,NA,NA,NA
CAH13,02,03,35000,43000,53000,995,35000,45000,55000,760,30000,32000,37000,35,35000,40000,48000,140,35000,42000,48000,60
CAH13,02,04,29500,38000,47000,110,31500,40000,48000,85,NA,NA,NA,NA,24000,25000,26000,10,33000,36000,43000,20
CAH13-01,01,03,24000,27500,31000,4525,24000,27500,31000,3775,24000,27000,30000,175,24500,27000,30000,435,23500,26000,31000,140
CAH13-01,01,04,26000,29500,32000,165,26000,29500,32500,155,NA,NA,NA,NA,NA,NA,NA,NA,NA,NA,NA,NA
CAH13-01,02,03,35000,43000,53000,995,35000,45000,55000,760,30000,32000,37000,35,35000,40000,48000,140,35000,42000,48000,60
CAH13-01,02,04,29500,38000,47000,110,31500,40000,48000,85,NA,NA,NA,NA,24000,25000,26000,10,33000,36000,43000,20
CAH13-01-01,01,03,23000,25000,27500,2095,23000,25000,27500,1800,21000,23500,26000,50,23000,25000,28000,185,23000,23500,27000,55
CAH13-01-01,01,04,27500,30000,32000,120,28000,30000,32000,115,NA,NA,NA,NA,NA,NA,NA,NA,NA,NA,NA,NA
CAH13-01-01,02,03,24000,28000,36000,110,24000,28000,36000,100,NA,NA,NA,NA,NA,NA,NA,NA,NA,NA,NA,NA
CAH13-01-01,02,04,27500,30000,40000,15,27500,30000,40000,15,NA,NA,NA,NA,NA,NA,NA,NA,NA,NA,NA,NA
CAH13-01-02,01,03,27000,30000,35000,1920,27500,30000,35000,1570,27000,30000,35000,95,26000,30000,34000,195,26000,30000,35000,55
CAH13-01-02,01,04,24000,28000,34000,30,24000,26500,34000,25,NA,NA,NA,NA,NA,NA,NA,NA,NA,NA,NA,NA
CAH13-01-02,02,03,36000,45000,55000,855,38000,47000,56000,645,30000,34000,37500,25,35000,42000,49000,130,38500,43000,49000,55
CAH13-01-02,02,04,30000,38000,45000,85,35000,40000,48000,60,NA,NA,NA,NA,24000,25000,26000,10,33000,33500,43000,20
CAH13-01-03,01,03,24000,25000,28500,75,23500,25500,29000,65,NA,NA,NA,NA,NA,NA,NA,NA,NA,NA,NA,NA
CAH13-01-04,01,03,25000,28500,32000,435,25000,29000,32000,335,24000,26500,32500,25,25500,28000,32000,45,23500,26000,30000,25
CAH13-01-04,01,04,21000,24000,24500,15,22000,24000,28000,15,NA,NA,NA,NA,NA,NA,NA,NA,NA,NA,NA,NA
CAH13-01-04,02,03,27000,31000,35000,30,24000,31000,37000,15,NA,NA,NA,NA,NA,NA,NA,NA,NA,NA,NA,NA
CAH13-01-04,02,04,29000,51500,57000,10,29000,51500,57000,10,NA,NA,NA,NA,NA,NA,NA,NA,NA,NA,NA,NA
CAH15,01,03,24000,28500,34000,26230,24000,29000,34000,22905,22500,26000,30000,755,24000,28000,33500,1605,23000,26000,31000,910
CAH15,01,04,22000,30000,33000,1290,23000,30000,33000,1170,NA,NA,NA,NA,NA,NA,NA,NA,19500,22000,28000,110
CAH15,02,03,25000,31000,36000,2005,24500,30000,35000,1465,22500,27500,34000,110,29000,34000,39000,325,25000,32000,35500,105
CAH15,02,04,26000,31000,36000,920,25000,31000,33000,610,24000,30000,36000,20,27000,32000,42000,110,28000,37000,40000,185
CAH15-01,01,03,22500,25000,29500,9050,23000,25500,30000,7805,20000,22500,25000,185,22000,25000,29000,645,21500,24000,28000,395
CAH15-01,01,04,27000,30000,33000,265,28000,30000,33000,255,NA,NA,NA,NA,NA,NA,NA,NA,NA,NA,NA,NA
CAH15-01,02,03,24000,27500,34500,400,23500,27000,34000,330,21500,25000,40000,15,27000,29500,34500,30,21000,27500,40000,25
CAH15-01,02,04,30000,32000,33000,190,30000,32000,33000,175,NA,NA,NA,NA,NA,NA,NA,NA,NA,NA,NA,NA
CAH15-01-01,01,03,22500,26000,30000,580,23000,27500,32000,320,NA,NA,NA,NA,22000,25000,30000,225,22000,24000,28000,40
CAH15-01-01,02,03,24000,28000,35000,85,24000,28000,36000,60,NA,NA,NA,NA,28000,29500,34500,20,NA,NA,NA,NA
CAH15-01-01,02,04,26000,32000,35000,25,26000,32000,34000,20,NA,NA,NA,NA,NA,NA,NA,NA,NA,NA,NA,NA
CAH15-01-02,01,03,22500,25000,29000,6895,22500,25000,29000,6195,20000,22500,25000,140,22000,25000,29000,250,22000,24000,28000,295
CAH15-01-02,01,04,17500,24000,28000,55,17500,24000,28000,55,NA,NA,NA,NA,NA,NA,NA,NA,NA,NA,NA,NA
CAH15-01-02,02,03,24000,27000,35000,280,24000,27000,35000,240,20000,27500,48000,15,NA,NA,NA,NA,25000,31000,40000,15
CAH15-01-02,02,04,30000,32000,32500,155,30000,32000,32500,155,NA,NA,NA,NA,NA,NA,NA,NA,NA,NA,NA,NA
CAH15-01-03,01,03,22500,26000,30000,925,23000,26000,31000,695,20000,22000,24000,35,23000,26000,29000,135,21500,25000,29000,55
CAH15-01-03,01,04,29000,31000,34000,205,30000,31000,34000,195,NA,NA,NA,NA,NA,NA,NA,NA,NA,NA,NA,NA
CAH15-01-03,02,03,22500,26000,30000,20,22500,26000,29000,20,NA,NA,NA,NA,NA,NA,NA,NA,NA,NA,NA,NA
CAH15-01-04,01,03,23500,27000,30000,425,24000,27000,31000,380,NA,NA,NA,NA,22000,24000,26500,35,NA,NA,NA,NA
CAH15-01-05,01,03,24000,27000,31000,200,24000,27000,31000,195,NA,NA,NA,NA,NA,NA,NA,NA,NA,NA,NA,NA
CAH15-01-06,01,03,23000,25000,28000,30,23000,25000,28000,25,NA,NA,NA,NA,NA,NA,NA,NA,NA,NA,NA,NA
CAH15-02,01,03,28000,32000,39000,6745,28000,33000,40000,6250,24000,26000,29000,145,25000,30000,33500,235,25000,28000,31000,95
CAH15-02,02,03,24000,31000,43000,90,24000,31000,43000,85,NA,NA,NA,NA,NA,NA,NA,NA,NA,NA,NA,NA
CAH15-02,02,04,50000,56000,70000,20,52000,56000,62000,20,NA,NA,NA,NA,NA,NA,NA,NA,NA,NA,NA,NA
CAH15-02-01,01,03,28000,32000,39000,6745,28000,33000,40000,6250,24000,26000,29000,145,25000,30000,33500,235,25000,28000,31000,95
CAH15-02-01,02,03,24000,31000,43000,90,24000,31000,43000,85,NA,NA,NA,NA,NA,NA,NA,NA,NA,NA,NA,NA
CAH15-02-01,02,04,50000,56000,70000,20,52000,56000,62000,20,NA,NA,NA,NA,NA,NA,NA,NA,NA,NA,NA,NA
CAH15-03,01,03,24000,28000,32500,4725,25000,28000,33000,4175,22500,24500,26000,95,24000,27000,31500,320,22500,24000,27500,125
CAH15-03,01,04,20000,24500,30500,100,20000,25000,30500,100,NA,NA,NA,NA,NA,NA,NA,NA,NA,NA,NA,NA
CAH15-03,02,03,29000,37000,49000,195,29000,38000,50000,170,NA,NA,NA,NA,30000,32000,46000,20,NA,NA,NA,NA
CAH15-03-01,01,03,24000,28000,32500,4725,25000,28000,33000,4175,22500,24500,26000,95,24000,27000,31500,320,22500,24000,27500,125
CAH15-03-01,01,04,20000,24500,30500,100,20000,25000,30500,100,NA,NA,NA,NA,NA,NA,NA,NA,NA,NA,NA,NA
CAH15-03-01,02,03,29000,37000,49000,195,29000,38000,50000,170,NA,NA,NA,NA,30000,32000,46000,20,NA,NA,NA,NA
CAH15-04,01,03,24000,30000,35000,5705,24000,30000,34000,4675,25000,29000,33500,330,30000,37000,41000,405,25000,32000,35000,295
CAH15-04,01,04,22000,28500,33000,915,22500,30000,33000,815,NA,NA,NA,NA,NA,NA,NA,NA,19500,22000,28000,100
CAH15-04,02,03,25000,31000,35000,1320,25000,30000,34000,880,22500,27000,33500,90,29000,34000,39000,275,30000,33000,35000,80
CAH15-04,02,04,25000,31000,37000,700,22000,30000,33000,410,23000,29000,34000,10,27000,31000,40000,95,28000,37000,40000,180
CAH15-04-01,01,03,30000,33000,36000,3530,30000,33000,36000,2775,27000,30000,34000,250,35000,39000,41000,315,31500,34000,36000,185
CAH15-04-01,01,04,30000,32000,33000,520,30000,32000,33000,495,NA,NA,NA,NA,NA,NA,NA,NA,32000,33000,35000,25
CAH15-04-01,02,03,31000,33000,36000,500,30500,32000,34500,330,30000,33000,34000,40,35500,38000,40000,70,32000,33000,36000,60
CAH15-04-01,02,04,27000,31000,33000,260,30000,31500,33000,185,NA,NA,NA,NA,30000,40000,45000,25,25000,27000,30000,40
CAH15-04-02,01,03,20000,24000,28000,1225,20000,24000,28000,1050,16000,22000,30000,45,24000,27500,32000,80,18000,24000,27000,55
CAH15-04-02,01,04,16000,22000,25000,160,16500,22000,25000,135,NA,NA,NA,NA,NA,NA,NA,NA,15000,19500,24000,25
CAH15-04-02,02,03,22000,28000,33000,555,21000,28000,31000,340,15000,22500,24000,35,28000,32000,38000,175,NA,NA,NA,NA
CAH15-04-02,02,04,19500,25000,28500,155,18000,22000,27000,120,NA,NA,NA,NA,27000,29000,32500,25,NA,NA,NA,NA
CAH15-04-03,01,03,21000,24500,29000,950,20000,24000,28500,845,22000,24000,26000,35,23000,32500,34000,15,22000,25500,29000,55
CAH15-04-03,01,04,20000,23000,26000,235,20000,23000,26000,185,NA,NA,NA,NA,NA,NA,NA,NA,20000,22000,23500,50
CAH15-04-03,02,03,24000,30000,36000,270,24000,30000,37000,215,25000,28000,40000,15,25000,30000,34000,30,19000,24000,29500,10
CAH15-04-03,02,04,26000,37000,40000,285,23000,30000,40000,105,NA,NA,NA,NA,25000,31000,39000,45,35000,38000,41000,135
CAH16,01,03,22500,25000,29500,9630,22500,25000,30000,7980,22000,24000,25000,245,23000,24500,27500,865,22000,24000,28000,520
CAH16,01,04,24500,30000,34500,265,24500,30000,35000,225,NA,NA,NA,NA,NA,NA,NA,NA,24500,30000,32000,30
CAH16,02,03,25000,32000,46000,660,25000,32000,45000,530,25000,28000,30000,20,28500,45000,53000,70,22500,30000,37500,40
CAH16,02,04,29000,31000,32500,1475,29000,31000,32000,1405,NA,NA,NA,NA,NA,NA,NA,NA,25500,30000,33000,60
CAH16-01,01,03,22500,25000,29500,9630,22500,25000,30000,7980,22000,24000,25000,245,23000,24500,27500,865,22000,24000,28000,520
CAH16-01,01,04,24500,30000,34500,265,24500,30000,35000,225,NA,NA,NA,NA,NA,NA,NA,NA,24500,30000,32000,30
CAH16-01,02,03,25000,32000,46000,660,25000,32000,45000,530,25000,28000,30000,20,28500,45000,53000,70,22500,30000,37500,40
CAH16-01,02,04,29000,31000,32500,1475,29000,31000,32000,1405,NA,NA,NA,NA,NA,NA,NA,NA,25500,30000,33000,60
CAH16-01-01,01,03,22500,25000,29500,9630,22500,25000,30000,7980,22000,24000,25000,245,23000,24500,27500,865,22000,24000,28000,520
CAH16-01-01,01,04,24500,30000,34500,265,24500,30000,35000,225,NA,NA,NA,NA,NA,NA,NA,NA,24500,30000,32000,30
CAH16-01-01,02,03,25000,32000,46000,660,25000,32000,45000,530,25000,28000,30000,20,28500,45000,53000,70,22500,30000,37500,40
CAH16-01-01,02,04,29000,31000,32500,1475,29000,31000,32000,1405,NA,NA,NA,NA,NA,NA,NA,NA,25500,30000,33000,60
CAH17,01,03,24000,27000,32000,28185,24000,27500,32000,24275,23000,25000,28000,775,24000,26000,30000,2370,23000,25000,28500,695
CAH17,01,04,22000,25000,32000,1485,22000,26000,32000,1390,NA,NA,NA,NA,21500,23000,26500,40,20000,22000,25000,55
CAH17,02,03,26500,35000,48000,2050,26000,35000,49000,1675,23500,28000,35000,75,30000,35000,51000,225,27000,34000,45000,75
CAH17,02,04,28000,34000,43500,685,27500,33500,44500,565,30000,35000,38000,10,29000,35500,49000,65,30000,32500,38000,45
CAH17-01,01,03,24000,27000,32000,28185,24000,27500,32000,24275,23000,25000,28000,775,24000,26000,30000,2370,23000,25000,28500,695
CAH17-01,01,04,22000,25000,32000,1485,22000,26000,32000,1390,NA,NA,NA,NA,21500,23000,26500,40,20000,22000,25000,55
CAH17-01,02,03,26500,35000,48000,2050,26000,35000,49000,1675,23500,28000,35000,75,30000,35000,51000,225,27000,34000,45000,75
CAH17-01,02,04,28000,34000,43500,685,27500,33500,44500,565,30000,35000,38000,10,29000,35500,49000,65,30000,32500,38000,45
CAH17-01-01,01,03,24000,28000,32500,4440,24000,28000,33000,4110,20000,26000,30000,25,24000,27000,32000,210,24000,26000,29500,90
CAH17-01-01,01,04,21000,25500,30000,250,21000,26000,30000,235,NA,NA,NA,NA,NA,NA,NA,NA,NA,NA,NA,NA
CAH17-01-01,02,03,28000,35000,48000,755,28000,36500,50000,615,20000,35000,40000,15,29000,34000,41000,85,26000,30000,42000,40
CAH17-01-01,02,04,24000,30500,45000,90,25000,33000,45000,70,NA,NA,NA,NA,22000,28000,47000,15,NA,NA,NA,NA
CAH17-01-02,01,03,24000,28000,32000,7170,24500,28000,32000,6305,23000,25000,28000,175,25000,28000,32000,530,23000,25000,28500,140
CAH17-01-02,01,04,22000,25000,30000,515,22000,25000,31000,495,NA,NA,NA,NA,NA,NA,NA,NA,NA,NA,NA,NA
CAH17-01-02,02,03,25000,30000,38500,360,25000,28500,38000,260,22000,25000,33500,30,30000,35000,55000,65,NA,NA,NA,NA
CAH17-01-02,02,04,25000,30000,34000,30,24000,29000,35000,25,NA,NA,NA,NA,NA,NA,NA,NA,NA,NA,NA,NA
CAH17-01-03,01,03,24000,26000,30000,3440,24000,26000,30000,3005,23000,25000,27000,80,23500,25000,28500,275,23500,26000,27500,70
CAH17-01-03,01,04,23000,23500,27000,15,23000,23500,27000,15,NA,NA,NA,NA,NA,NA,NA,NA,NA,NA,NA,NA
CAH17-01-03,02,03,24000,28000,34000,55,24000,28000,32000,45,NA,NA,NA,NA,NA,NA,NA,NA,NA,NA,NA,NA
CAH17-01-04,01,03,25000,29500,35000,3625,25000,30000,35000,3050,24000,26000,29000,95,24500,27500,32000,310,23500,26000,30000,165
CAH17-01-04,01,04,22000,25000,32000,260,22000,25000,32000,235,NA,NA,NA,NA,NA,NA,NA,NA,20500,24500,25000,15
CAH17-01-04,02,03,37500,48000,56500,480,39000,48000,56500,400,26500,29000,42000,10,35000,48000,64000,50,42000,50000,56000,15
CAH17-01-04,02,04,27500,32000,44500,315,27000,32000,42000,270,35000,35500,42000,10,32000,45000,50000,25,NA,NA,NA,NA
CAH17-01-05,01,03,24000,27000,30000,700,24000,27000,31000,540,24000,26000,29000,60,25000,27000,31000,90,23000,27000,31000,10
CAH17-01-05,01,04,21000,22500,30000,10,21000,22500,30000,10,NA,NA,NA,NA,NA,NA,NA,NA,NA,NA,NA,NA
CAH17-01-05,02,03,31000,40000,47000,60,30000,40000,47000,55,NA,NA,NA,NA,NA,NA,NA,NA,NA,NA,NA,NA
CAH17-01-05,02,04,33000,37500,45500,130,33000,38000,45500,115,NA,NA,NA,NA,32000,34000,36000,10,NA,NA,NA,NA
CAH17-01-06,01,03,23000,25000,30000,2485,23000,26000,30000,2010,21000,24000,26000,85,22500,25000,27000,310,22000,23500,26500,75
CAH17-01-06,01,04,20000,25000,29500,295,21000,25000,29500,265,NA,NA,NA,NA,NA,NA,NA,NA,14000,18000,22000,20
CAH17-01-06,02,03,23000,26000,32000,90,23000,26000,32000,70,NA,NA,NA,NA,5000,27000,33000,15,NA,NA,NA,NA
CAH17-01-06,02,04,24000,30000,42000,75,27000,30000,42000,70,NA,NA,NA,NA,NA,NA,NA,NA,NA,NA,NA,NA
CAH17-01-07,01,03,25000,28000,33500,2640,25000,28500,34000,2245,24000,26000,29000,120,25000,28000,31500,210,24000,27000,29000,55
CAH17-01-07,02,03,24000,26000,32000,75,24000,26000,32000,70,NA,NA,NA,NA,NA,NA,NA,NA,NA,NA,NA,NA
CAH17-01-07,02,04,31000,35000,40000,25,34000,36000,41000,10,NA,NA,NA,NA,NA,NA,NA,NA,30000,31000,35000,10
CAH17-01-08,01,03,24000,27000,32000,3615,24000,27500,32000,2940,22500,24000,27000,140,24000,26000,29500,440,23000,25000,29000,85
CAH17-01-08,01,04,32000,38000,38500,110,33000,38000,38500,100,NA,NA,NA,NA,22000,22000,25000,10,NA,NA,NA,NA
CAH17-01-08,02,03,24000,26000,33500,175,24000,26000,33000,155,24000,26500,41000,10,NA,NA,NA,NA,NA,NA,NA,NA
CAH17-01-08,02,04,28000,35000,40000,15,NA,NA,NA,NA,NA,NA,NA,NA,NA,NA,NA,NA,NA,NA,NA,NA
CAH17-01-09,01,03,22000,25000,31000,70,22000,25000,31000,70,NA,NA,NA,NA,NA,NA,NA,NA,NA,NA,NA,NA
CAH17-01-09,01,04,22000,23500,32000,25,22000,23500,32000,25,NA,NA,NA,NA,NA,NA,NA,NA,NA,NA,NA,NA
CAH19,01,03,23000,26000,30000,7405,23000,26000,30000,6540,20500,24000,25000,125,22000,25000,29000,470,22000,24000,28000,240
CAH19,01,04,28000,36000,44000,25,NA,NA,NA,NA,NA,NA,NA,NA,NA,NA,NA,NA,36000,44000,45000,10
CAH19,02,03,23000,28000,33000,345,23000,28000,33000,310,NA,NA,NA,NA,26500,30000,33000,20,24000,27000,34000,15
CAH19,02,04,29000,40000,48000,90,30500,43000,60000,45,28000,30000,40000,15,28000,35000,45000,30,NA,NA,NA,NA
CAH19-01,01,03,22500,25000,30000,4710,22500,25000,30000,4220,19000,23500,25000,70,22000,24000,28000,250,21000,23500,26500,155
CAH19-01,02,03,23000,28000,32500,280,23000,28000,32000,255,NA,NA,NA,NA,26500,30000,33000,15,NA,NA,NA,NA
CAH19-01,02,04,25000,39000,57000,30,23500,41500,57000,25,NA,NA,NA,NA,NA,NA,NA,NA,NA,NA,NA,NA
CAH19-01-01,01,03,23000,26000,30000,1730,23000,26000,30000,1555,20500,23500,26000,50,21500,24000,28500,105,19000,24000,24000,15
CAH19-01-01,02,03,22000,25500,30000,15,22000,25500,30000,15,NA,NA,NA,NA,NA,NA,NA,NA,NA,NA,NA,NA
CAH19-01-02,01,03,22000,25000,29000,435,22000,25000,30000,390,NA,NA,NA,NA,21000,23000,24000,15,23000,24000,30000,30
CAH19-01-02,02,03,23000,29000,31500,85,23000,29000,31500,75,NA,NA,NA,NA,NA,NA,NA,NA,NA,NA,NA,NA
CAH19-01-03,01,03,23000,25000,30000,1625,23000,25000,30000,1430,NA,NA,NA,NA,23000,24000,28000,110,22500,23500,27500,80
CAH19-01-03,02,03,23000,28000,34000,140,23000,28000,33000,125,NA,NA,NA,NA,NA,NA,NA,NA,NA,NA,NA,NA
CAH19-01-03,02,04,25500,41500,57000,10,25500,41500,57000,10,NA,NA,NA,NA,NA,NA,NA,NA,NA,NA,NA,NA
CAH19-01-05,01,03,20500,24000,27000,515,21000,24000,27000,480,NA,NA,NA,NA,20000,23500,25000,15,10000,17000,21000,15
CAH19-01-05,02,03,22500,26000,31500,40,22000,25500,31500,35,NA,NA,NA,NA,NA,NA,NA,NA,NA,NA,NA,NA
CAH19-01-06,01,03,22000,24000,29000,15,21000,23000,30000,10,NA,NA,NA,NA,NA,NA,NA,NA,NA,NA,NA,NA
CAH19-01-07,01,03,22000,25000,30000,390,22000,25000,30000,350,10000,20000,24000,20,NA,NA,NA,NA,20000,22000,24500,15
CAH19-02,01,03,23000,25500,29000,40,NA,NA,NA,NA,NA,NA,NA,NA,NA,NA,NA,NA,23000,25500,29000,25
CAH19-02,01,04,31000,39000,45000,15,NA,NA,NA,NA,NA,NA,NA,NA,NA,NA,NA,NA,36000,44000,45000,10
CAH19-02,02,04,29000,36000,45000,20,NA,NA,NA,NA,28000,30000,40000,15,NA,NA,NA,NA,NA,NA,NA,NA
CAH19-02-03,01,03,23000,26000,30000,30,NA,NA,NA,NA,NA,NA,NA,NA,NA,NA,NA,NA,23000,25500,29000,25
CAH19-02-03,01,04,36000,44000,45000,10,NA,NA,NA,NA,NA,NA,NA,NA,NA,NA,NA,NA,36000,44000,45000,10
CAH19-02-04,02,04,28000,30000,40000,15,NA,NA,NA,NA,28000,30000,40000,15,NA,NA,NA,NA,NA,NA,NA,NA
CAH19-04,01,03,24000,28000,32000,2655,24000,28000,32000,2320,22000,24000,26000,45,22500,25000,30000,215,22000,26000,29500,60
CAH19-04,02,03,22500,30000,36000,60,22500,30000,38000,50,NA,NA,NA,NA,NA,NA,NA,NA,NA,NA,NA,NA
CAH19-04,02,04,32000,42000,48000,40,33000,43000,58000,20,NA,NA,NA,NA,30000,42000,47000,20,NA,NA,NA,NA
CAH19-04-01,01,03,24000,28000,31000,505,24500,28000,31500,430,22000,23000,25000,15,22000,26000,31000,45,24000,25000,28000,10
CAH19-04-01,02,04,30000,33000,45000,15,NA,NA,NA,NA,NA,NA,NA,NA,30000,42000,45000,10,NA,NA,NA,NA
CAH19-04-02,01,03,24000,28500,34000,185,24500,30000,34500,165,NA,NA,NA,NA,22500,23500,25000,15,NA,NA,NA,NA
CAH19-04-03,01,03,23000,26000,30000,85,24000,26000,30000,75,NA,NA,NA,NA,NA,NA,NA,NA,NA,NA,NA,NA
CAH19-04-04,01,03,24000,28000,32000,605,24500,28000,32000,515,23000,24000,25000,20,23000,26000,30000,60,21000,25000,29500,10
CAH19-04-04,02,04,32000,42000,48000,15,NA,NA,NA,NA,NA,NA,NA,NA,NA,NA,NA,NA,NA,NA,NA,NA
CAH19-04-05,01,03,23000,29000,33500,75,23000,30000,33500,65,NA,NA,NA,NA,23000,26000,32000,10,NA,NA,NA,NA
CAH19-04-06,01,03,23000,27000,30000,200,23000,27000,31000,190,NA,NA,NA,NA,NA,NA,NA,NA,NA,NA,NA,NA
CAH19-04-07,01,03,24000,28000,33000,65,24000,28000,33000,60,NA,NA,NA,NA,NA,NA,NA,NA,NA,NA,NA,NA
CAH19-04-08,01,03,22000,25000,30000,150,22000,25500,30000,145,NA,NA,NA,NA,NA,NA,NA,NA,NA,NA,NA,NA
CAH19-04-09,01,03,25000,28000,32000,785,25000,28000,32000,680,NA,NA,NA,NA,22000,25000,31500,75,21000,26500,30000,15
CAH19-04-09,02,03,23500,30000,38000,45,23000,30000,40000,40,NA,NA,NA,NA,NA,NA,NA,NA,NA,NA,NA,NA
CAH20,01,03,23000,26500,30500,7730,23500,27000,31000,6850,21000,23000,26000,105,22000,25000,29500,490,22000,24000,28000,265
CAH20,01,04,18000,26000,28000,65,18000,27000,28000,65,NA,NA,NA,NA,NA,NA,NA,NA,NA,NA,NA,NA
CAH20,02,03,23000,29000,38500,365,23000,29000,38500,315,NA,NA,NA,NA,23000,30000,45000,40,NA,NA,NA,NA
CAH20,02,04,28000,44000,74000,95,29000,50000,74000,85,NA,NA,NA,NA,NA,NA,NA,NA,NA,NA,NA,NA
CAH20-01,01,03,23000,26500,30000,5845,23500,27000,31000,5155,21000,23000,25500,80,22000,25000,29000,385,21000,24000,28000,205
CAH20-01,02,03,23000,29500,37500,260,23000,29500,38500,225,NA,NA,NA,NA,24000,30000,37500,25,NA,NA,NA,NA
CAH20-01,02,04,44000,57000,78000,50,44000,57000,78000,45,NA,NA,NA,NA,NA,NA,NA,NA,NA,NA,NA,NA
CAH20-01-01,01,03,23000,27000,31000,4800,23500,27000,31000,4205,20000,23000,25000,80,22000,25000,29500,315,21500,24000,28000,185
CAH20-01-01,02,03,23000,28000,36000,180,23000,28500,36500,150,NA,NA,NA,NA,22500,27000,36000,20,NA,NA,NA,NA
CAH20-01-01,02,04,35000,55000,74000,15,35000,55000,74000,15,NA,NA,NA,NA,NA,NA,NA,NA,NA,NA,NA,NA
CAH20-01-02,01,03,24000,26000,30000,290,24000,26500,30000,255,NA,NA,NA,NA,22500,25000,27500,35,NA,NA,NA,NA
CAH20-01-02,02,04,50000,60000,78000,10,50000,60000,78000,10,NA,NA,NA,NA,NA,NA,NA,NA,NA,NA,NA,NA
CAH20-01-03,01,03,22000,24500,27000,305,22500,24500,27000,285,NA,NA,NA,NA,21000,23000,25000,15,NA,NA,NA,NA
CAH20-01-03,02,03,23000,24000,34000,15,23000,24000,35000,15,NA,NA,NA,NA,NA,NA,NA,NA,NA,NA,NA,NA
CAH20-01-03,02,04,55000,70000,122000,15,42000,57500,105000,15,NA,NA,NA,NA,NA,NA,NA,NA,NA,NA,NA,NA
CAH20-01-04,01,03,23000,24500,32000,15,23000,24500,32000,15,NA,NA,NA,NA,NA,NA,NA,NA,NA,NA,NA,NA
CAH20-01-05,01,03,23000,26000,31000,435,23000,26000,31000,395,NA,NA,NA,NA,23500,26000,30000,25,20000,23000,25000,10
CAH20-01-05,02,03,25000,30000,45000,55,25000,30000,42000,50,NA,NA,NA,NA,NA,NA,NA,NA,NA,NA,NA,NA
CAH20-02,01,03,23500,27000,31000,1885,23500,27000,31500,1695,19000,24000,27000,25,21000,25000,30000,105,23000,24000,28000,60
CAH20-02,01,04,16000,26000,28000,60,18000,26000,28000,55,NA,NA,NA,NA,NA,NA,NA,NA,NA,NA,NA,NA
CAH20-02,02,03,24000,29000,40000,110,24500,28500,40000,90,NA,NA,NA,NA,23000,26000,58000,10,NA,NA,NA,NA
CAH20-02,02,04,25000,29000,40000,45,24500,30000,46000,35,NA,NA,NA,NA,NA,NA,NA,NA,NA,NA,NA,NA
CAH20-02-01,01,03,23500,27000,32000,1300,24000,27500,32000,1190,NA,NA,NA,NA,22000,25000,28000,60,23000,23500,28000,40
CAH20-02-01,02,03,27000,31500,46500,40,27000,31000,45000,30,NA,NA,NA,NA,NA,NA,NA,NA,NA,NA,NA,NA
CAH20-02-02,01,03,23000,26000,30000,585,23500,27000,30000,505,21000,24000,29500,15,20000,24500,32000,45,23000,24000,30000,20
CAH20-02-02,01,04,16000,26000,28000,60,18000,26000,28000,55,NA,NA,NA,NA,NA,NA,NA,NA,NA,NA,NA,NA
CAH20-02-02,02,03,23000,28000,37000,70,24000,28000,37000,60,NA,NA,NA,NA,NA,NA,NA,NA,NA,NA,NA,NA
CAH20-02-02,02,04,25000,29000,40000,45,24000,29000,50000,35,NA,NA,NA,NA,NA,NA,NA,NA,NA,NA,NA,NA
CAH22,01,03,24500,30000,31000,9305,24000,29500,30000,7835,24000,25000,30000,215,30000,32000,38000,885,21000,27000,30000,355
CAH22,01,04,19000,25000,30000,1295,19000,24500,29500,1240,NA,NA,NA,NA,NA,NA,NA,NA,18000,27500,30500,50
CAH22,02,03,24000,30000,32000,1370,23000,28000,31500,1020,27000,28000,50000,20,29000,32000,37000,315,18500,22000,25000,20
CAH22,02,04,25000,31000,37000,1750,24000,30000,36000,1405,29000,33000,34000,45,30000,40000,46000,140,25500,31000,38000,165
CAH22-01,01,03,24500,30000,31000,9305,24000,29500,30000,7835,24000,25000,30000,215,30000,32000,38000,885,21000,27000,30000,355
CAH22-01,01,04,19000,25000,30000,1295,19000,24500,29500,1240,NA,NA,NA,NA,NA,NA,NA,NA,18000,27500,30500,50
CAH22-01,02,03,24000,30000,32000,1370,23000,28000,31500,1020,27000,28000,50000,20,29000,32000,37000,315,18500,22000,25000,20
CAH22-01,02,04,25000,31000,37000,1750,24000,30000,36000,1405,29000,33000,34000,45,30000,40000,46000,140,25500,31000,38000,165
CAH22-01-01,01,03,21000,26000,30000,3165,21000,26000,30000,2900,16000,22000,25000,20,23000,27500,32000,65,17000,23000,28000,175
CAH22-01-01,01,04,17500,22500,26000,710,18000,22500,26000,690,NA,NA,NA,NA,NA,NA,NA,NA,15000,18000,27500,20
CAH22-01-01,02,03,23500,29000,32000,1040,23000,28000,31000,805,NA,NA,NA,NA,29000,32500,37000,215,18500,24000,25000,15
CAH22-01-01,02,04,20000,28000,38000,590,19000,25000,33000,400,29500,33500,34000,40,30000,40000,45000,120,17000,20000,29500,30
CAH22-01-02,01,03,28000,30000,32000,6145,28000,30000,31000,4930,24000,26000,30000,195,30000,33000,38000,820,25000,29000,30000,180
CAH22-01-02,01,04,23000,28000,31000,585,23000,28000,31000,550,NA,NA,NA,NA,NA,NA,NA,NA,23000,28500,31000,30
CAH22-01-02,02,03,28000,30000,33500,330,27000,30000,32000,210,28000,45000,50500,15,28000,31000,34000,100,NA,NA,NA,NA
CAH22-01-02,02,04,27000,32000,37000,1160,27000,32000,36500,1005,NA,NA,NA,NA,40000,45000,48000,15,27500,32000,39000,135
CAH23,01,03,24000,28000,32000,585,25000,28000,32000,530,20000,24000,28000,25,23000,24000,28000,25,NA,NA,NA,NA
CAH23,02,03,26000,31000,40000,655,26000,31000,40000,515,24500,27000,32000,20,26000,32000,39000,95,26000,30000,40000,20
CAH23,02,04,24000,30000,40000,120,23000,28500,40000,70,NA,NA,NA,NA,28500,35000,47500,35,NA,NA,NA,NA
CAH23-01,01,03,24000,28000,32000,585,25000,28000,32000,530,20000,24000,28000,25,23000,24000,28000,25,NA,NA,NA,NA
CAH23-01,02,03,26000,31000,40000,655,26000,31000,40000,515,24500,27000,32000,20,26000,32000,39000,95,26000,30000,40000,20
CAH23-01,02,04,24000,30000,40000,120,23000,28500,40000,70,NA,NA,NA,NA,28500,35000,47500,35,NA,NA,NA,NA
CAH23-01-01,01,03,25000,28000,32000,160,25000,28500,32000,155,NA,NA,NA,NA,NA,NA,NA,NA,NA,NA,NA,NA
CAH23-01-01,02,03,27000,31500,41000,510,27000,31000,41000,400,27000,29000,32500,15,28000,33000,42000,80,28500,30000,46000,15
CAH23-01-01,02,04,23500,28500,38000,85,23000,28500,37000,60,NA,NA,NA,NA,30000,35000,50000,15,NA,NA,NA,NA
CAH23-01-02,01,03,24000,28000,30000,105,24000,28000,30000,85,NA,NA,NA,NA,24000,27500,28500,10,NA,NA,NA,NA
CAH23-01-02,02,03,28000,35000,46000,10,NA,NA,NA,NA,NA,NA,NA,NA,NA,NA,NA,NA,NA,NA,NA,NA
CAH23-01-02,02,04,30000,42000,47500,20,NA,NA,NA,NA,NA,NA,NA,NA,30000,36000,47500,20,NA,NA,NA,NA
CAH23-01-03,01,03,24000,26500,32000,90,23500,26500,32000,85,NA,NA,NA,NA,NA,NA,NA,NA,NA,NA,NA,NA
CAH23-01-03,02,03,24500,30000,34000,125,25000,30000,35000,105,NA,NA,NA,NA,24000,29000,32000,15,NA,NA,NA,NA
CAH23-01-03,02,04,24000,27000,39000,15,22000,30000,40000,10,NA,NA,NA,NA,NA,NA,NA,NA,NA,NA,NA,NA
CAH23-01-04,01,03,24000,27000,32000,235,25000,28000,32000,200,15500,24000,28000,25,NA,NA,NA,NA,NA,NA,NA,NA
CAH24,01,03,22000,24500,28000,4200,22000,25000,28000,3575,21000,24000,26500,135,22000,24000,26000,330,21000,24000,27000,155
CAH24,01,04,19000,24000,26000,15,19000,25000,26000,10,NA,NA,NA,NA,NA,NA,NA,NA,NA,NA,NA,NA
CAH24,02,03,22000,24000,26000,65,21500,24000,26000,60,NA,NA,NA,NA,NA,NA,NA,NA,NA,NA,NA,NA
CAH24-01,01,03,22000,24500,28000,4200,22000,25000,28000,3575,21000,24000,26500,135,22000,24000,26000,330,21000,24000,27000,155
CAH24-01,01,04,19000,24000,26000,15,19000,25000,26000,10,NA,NA,NA,NA,NA,NA,NA,NA,NA,NA,NA,NA
CAH24-01,02,03,22000,24000,26000,65,21500,24000,26000,60,NA,NA,NA,NA,NA,NA,NA,NA,NA,NA,NA,NA
CAH24-01-01,01,03,23500,28000,32000,30,23500,28000,32000,30,NA,NA,NA,NA,NA,NA,NA,NA,NA,NA,NA,NA
CAH24-01-02,01,03,24000,26000,28000,160,24000,26000,28000,135,24500,27000,30000,10,24000,27000,31000,15,NA,NA,NA,NA
CAH24-01-03,01,03,22000,25000,27000,100,22000,25000,27000,100,NA,NA,NA,NA,NA,NA,NA,NA,NA,NA,NA,NA
CAH24-01-04,01,03,22000,25000,27500,1455,22500,25000,28000,1265,17000,23000,24000,15,22000,24000,26000,95,21500,24000,27500,70
CAH24-01-04,02,03,21000,23500,25000,15,21000,23500,26000,15,NA,NA,NA,NA,NA,NA,NA,NA,NA,NA,NA,NA
CAH24-01-05,01,03,22000,24000,27500,2455,22000,24500,28000,2045,21000,24000,26000,105,21500,24000,26000,225,21000,23500,26000,80
CAH24-01-05,01,04,14000,24000,26000,10,NA,NA,NA,NA,NA,NA,NA,NA,NA,NA,NA,NA,NA,NA,NA,NA
CAH24-01-05,02,03,22500,24000,26000,40,22000,24000,26000,35,NA,NA,NA,NA,NA,NA,NA,NA,NA,NA,NA,NA
CAH25,01,03,21000,24000,27000,17005,21000,24000,27000,15155,20000,23000,26000,310,19500,23000,26000,925,19000,22500,25500,580
CAH25,01,04,17000,21500,26000,500,17000,21500,26000,470,NA,NA,NA,NA,NA,NA,NA,NA,14000,21500,23000,20
CAH25,02,03,22000,25000,31000,270,22000,26000,31000,240,NA,NA,NA,NA,20000,26000,32500,20,NA,NA,NA,NA
CAH25,02,04,24000,27000,32000,35,26000,27000,32000,30,NA,NA,NA,NA,NA,NA,NA,NA,NA,NA,NA,NA
CAH25-01,01,03,21500,24000,27000,11845,22000,24000,27000,10535,21000,23000,26000,220,20000,23500,26000,675,19000,23000,26000,385
CAH25-01,01,04,17000,22000,25500,300,17000,22000,26000,285,NA,NA,NA,NA,NA,NA,NA,NA,20000,21500,23000,15
CAH25-01,02,03,22000,26000,30000,215,22000,26000,30000,195,NA,NA,NA,NA,16000,24500,38000,15,NA,NA,NA,NA
CAH25-01,02,04,24000,27000,32000,30,26000,27000,32000,25,NA,NA,NA,NA,NA,NA,NA,NA,NA,NA,NA,NA
CAH25-01-01,01,03,20000,24000,26000,135,21000,24000,28000,130,NA,NA,NA,NA,NA,NA,NA,NA,NA,NA,NA,NA
CAH25-01-01,02,03,22000,27000,30000,10,22000,27000,30000,10,NA,NA,NA,NA,NA,NA,NA,NA,NA,NA,NA,NA
CAH25-01-02,01,03,19000,23000,26000,1065,19500,23000,26500,935,15000,18000,23500,25,16500,21500,25000,80,18000,21500,24000,20
CAH25-01-02,02,03,21000,27500,36000,15,13000,24000,28000,10,NA,NA,NA,NA,NA,NA,NA,NA,NA,NA,NA,NA
CAH25-01-03,01,03,22000,24000,27000,7315,22000,24500,27000,6460,22000,24000,26500,130,20000,24000,26000,475,19000,23000,26000,240
CAH25-01-03,01,04,20000,23500,28000,115,20000,24000,28500,105,NA,NA,NA,NA,NA,NA,NA,NA,NA,NA,NA,NA
CAH25-01-03,02,03,23000,27000,31000,135,23000,27000,31000,115,NA,NA,NA,NA,16000,24500,28000,15,NA,NA,NA,NA
CAH25-01-03,02,04,24000,26000,30000,20,25000,27000,30000,20,NA,NA,NA,NA,NA,NA,NA,NA,NA,NA,NA,NA
CAH25-01-04,01,03,20000,24000,26500,3125,20500,24000,27000,2830,20000,22000,25000,65,19000,22000,24500,120,19000,23000,25000,105
CAH25-01-04,01,04,13000,20000,24000,75,14000,20000,24000,70,NA,NA,NA,NA,NA,NA,NA,NA,NA,NA,NA,NA
CAH25-01-04,02,03,21500,25000,28000,50,21500,25000,29000,45,NA,NA,NA,NA,NA,NA,NA,NA,NA,NA,NA,NA
CAH25-01-05,01,03,21000,24000,28000,205,20500,24000,28000,180,NA,NA,NA,NA,NA,NA,NA,NA,20000,25000,28000,15
CAH25-01-05,01,04,17000,22000,24500,105,17000,22000,24500,105,NA,NA,NA,NA,NA,NA,NA,NA,NA,NA,NA,NA
CAH25-02,01,03,20000,24000,28000,5165,20000,24000,28000,4620,19000,22000,26000,85,17000,22500,27000,250,18000,22000,25000,195
CAH25-02,01,04,17000,20000,27000,195,17000,20000,28000,185,NA,NA,NA,NA,NA,NA,NA,NA,NA,NA,NA,NA
CAH25-02,02,03,22000,24000,32500,55,19000,24000,32000,45,NA,NA,NA,NA,NA,NA,NA,NA,NA,NA,NA,NA
CAH25-02-01,01,03,17000,22000,26000,185,18000,23000,27000,165,NA,NA,NA,NA,11000,15000,18000,20,NA,NA,NA,NA
CAH25-02-01,01,04,20000,21000,28000,10,NA,NA,NA,NA,NA,NA,NA,NA,NA,NA,NA,NA,NA,NA,NA,NA
CAH25-02-02,01,03,20000,24000,28000,2545,20500,24000,28000,2265,19000,24000,26000,55,20000,24000,27000,110,16000,22000,24000,105
CAH25-02-02,01,04,17000,20000,25000,65,17000,20000,25000,60,NA,NA,NA,NA,NA,NA,NA,NA,NA,NA,NA,NA
CAH25-02-02,02,03,19000,25000,32000,35,17000,23500,32000,35,NA,NA,NA,NA,NA,NA,NA,NA,NA,NA,NA,NA
CAH25-02-03,01,03,20000,24000,28000,2110,20000,24000,28000,1875,19000,22000,26000,35,17000,22000,28000,120,18000,22000,25000,85
CAH25-02-03,01,04,15000,21000,30000,105,15000,21000,30000,95,NA,NA,NA,NA,NA,NA,NA,NA,NA,NA,NA,NA
CAH25-02-03,02,03,22000,24000,30000,10,22000,24000,30000,10,NA,NA,NA,NA,NA,NA,NA,NA,NA,NA,NA,NA
CAH25-02-04,01,03,19000,23000,27000,325,19000,23000,27000,315,NA,NA,NA,NA,NA,NA,NA,NA,NA,NA,NA,NA
CAH25-02-04,01,04,17000,18000,24000,15,17000,18000,24000,15,NA,NA,NA,NA,NA,NA,NA,NA,NA,NA,NA,NA
CAH26,01,03,24000,28000,31000,5440,24500,28000,31000,4720,23000,25000,28500,105,24000,27500,31500,370,23000,26000,29500,220
CAH26,01,04,19000,24500,29000,15,NA,NA,NA,NA,NA,NA,NA,NA,NA,NA,NA,NA,NA,NA,NA,NA
CAH26,02,03,25500,29500,39500,225,26000,30000,39500,190,NA,NA,NA,NA,24500,29500,45000,20,25500,29500,36000,10
CAH26,02,04,26000,34000,52000,20,25000,43500,52000,15,NA,NA,NA,NA,NA,NA,NA,NA,NA,NA,NA,NA
CAH26-01,01,03,24000,28000,31000,5440,24500,28000,31000,4720,23000,25000,28500,105,24000,27500,31500,370,23000,26000,29500,220
CAH26-01,01,04,19000,24500,29000,15,NA,NA,NA,NA,NA,NA,NA,NA,NA,NA,NA,NA,NA,NA,NA,NA
CAH26-01,02,03,25500,29500,39500,225,26000,30000,39500,190,NA,NA,NA,NA,24500,29500,45000,20,25500,29500,36000,10
CAH26-01,02,04,26000,34000,52000,20,25000,43500,52000,15,NA,NA,NA,NA,NA,NA,NA,NA,NA,NA,NA,NA
CAH26-01-01,01,03,24000,28000,30500,835,24500,28000,31000,725,22000,25000,28000,40,24000,28000,30500,50,23000,28000,29000,25
CAH26-01-01,02,03,27500,30000,33500,20,28000,30000,34000,15,NA,NA,NA,NA,NA,NA,NA,NA,NA,NA,NA,NA
CAH26-01-02,01,03,24000,27500,31000,1480,24500,27500,31000,1260,22500,24000,28000,25,24000,27000,30000,115,23000,26500,30000,70
CAH26-01-02,02,03,26000,29500,36500,45,25500,29000,36500,35,NA,NA,NA,NA,NA,NA,NA,NA,NA,NA,NA,NA
CAH26-01-03,01,03,25000,28000,32000,1575,25000,28000,32000,1405,27000,28500,30000,25,24000,28000,33000,65,22000,24000,30000,65
CAH26-01-03,02,03,22000,30000,40000,20,22000,35000,40500,15,NA,NA,NA,NA,NA,NA,NA,NA,NA,NA,NA,NA
CAH26-01-04,01,03,24000,27000,30000,750,24000,27000,30000,665,24000,27000,28000,15,24000,26000,30000,50,21500,23000,27500,15
CAH26-01-04,01,04,16000,23500,29000,10,NA,NA,NA,NA,NA,NA,NA,NA,NA,NA,NA,NA,NA,NA,NA,NA
CAH26-01-04,02,03,25500,29500,39500,120,26000,30000,39500,105,NA,NA,NA,NA,22000,28000,38000,10,NA,NA,NA,NA
CAH26-01-05,01,03,28000,32000,35500,15,29500,33000,35500,10,NA,NA,NA,NA,NA,NA,NA,NA,NA,NA,NA,NA
CAH26-01-06,01,03,24500,27500,31500,790,24500,27500,31500,650,NA,NA,NA,NA,25000,28000,33000,90,23000,27500,29500,40
CAH26-01-06,02,03,24500,28000,90000,15,24500,28000,90000,15,NA,NA,NA,NA,NA,NA,NA,NA,NA,NA,NA,NA
